{
  "niche": "ai_hype",
  "accuracy": 1.0,
  "classification_report": {
    "0": {
      "precision": 1.0,
      "recall": 1.0,
      "f1-score": 1.0,
      "support": 55.0
    },
    "1": {
      "precision": 1.0,
      "recall": 1.0,
      "f1-score": 1.0,
      "support": 55.0
    },
    "accuracy": 1.0,
    "macro avg": {
      "precision": 1.0,
      "recall": 1.0,
      "f1-score": 1.0,
      "support": 110.0
    },
    "weighted avg": {
      "precision": 1.0,
      "recall": 1.0,
      "f1-score": 1.0,
      "support": 110.0
    }
  },
  "confusion_matrix": [
    [
      55,
      0
    ],
    [
      0,
      55
    ]
  ],
  "predictions": [
    0,
    0,
    0,
    0,
    0,
    0,
    0,
    0,
    0,
    0,
    0,
    0,
    0,
    0,
    0,
    0,
    0,
    0,
    0,
    0,
    1,
    1,
    1,
    1,
    1,
    1,
    1,
    1,
    1,
    1,
    1,
    1,
    1,
    1,
    1,
    1,
    1,
    1,
    1,
    1,
    0,
    0,
    0,
    0,
    0,
    0,
    0,
    0,
    0,
    0,
    0,
    0,
    0,
    0,
    0,
    0,
    0,
    0,
    0,
    0,
    0,
    0,
    0,
    0,
    0,
    0,
    0,
    0,
    0,
    0,
    0,
    0,
    0,
    0,
    0,
    1,
    1,
    1,
    1,
    1,
    1,
    1,
    1,
    1,
    1,
    1,
    1,
    1,
    1,
    1,
    1,
    1,
    1,
    1,
    1,
    1,
    1,
    1,
    1,
    1,
    1,
    1,
    1,
    1,
    1,
    1,
    1,
    1,
    1,
    1
  ],
  "true_labels": [
    0,
    0,
    0,
    0,
    0,
    0,
    0,
    0,
    0,
    0,
    0,
    0,
    0,
    0,
    0,
    0,
    0,
    0,
    0,
    0,
    1,
    1,
    1,
    1,
    1,
    1,
    1,
    1,
    1,
    1,
    1,
    1,
    1,
    1,
    1,
    1,
    1,
    1,
    1,
    1,
    0,
    0,
    0,
    0,
    0,
    0,
    0,
    0,
    0,
    0,
    0,
    0,
    0,
    0,
    0,
    0,
    0,
    0,
    0,
    0,
    0,
    0,
    0,
    0,
    0,
    0,
    0,
    0,
    0,
    0,
    0,
    0,
    0,
    0,
    0,
    1,
    1,
    1,
    1,
    1,
    1,
    1,
    1,
    1,
    1,
    1,
    1,
    1,
    1,
    1,
    1,
    1,
    1,
    1,
    1,
    1,
    1,
    1,
    1,
    1,
    1,
    1,
    1,
    1,
    1,
    1,
    1,
    1,
    1,
    1
  ],
  "test_samples": 110,
  "roc_auc": 1.0,
  "avg_precision": 1.0,
  "fpr": [
    0.0,
    0.0,
    0.0,
    0.0,
    0.0,
    0.0,
    0.0,
    0.36363636363636365,
    1.0
  ],
  "tpr": [
    0.0,
    0.6363636363636364,
    0.7090909090909091,
    0.7636363636363637,
    0.8363636363636363,
    0.8545454545454545,
    1.0,
    1.0,
    1.0
  ],
  "precision": [
    0.5,
    0.7333333333333333,
    0.7432432432432432,
    0.7534246575342466,
    0.7638888888888888,
    0.7746478873239436,
    0.7857142857142857,
    0.7971014492753623,
    0.8088235294117647,
    0.8208955223880597,
    0.8333333333333334,
    0.8461538461538461,
    0.859375,
    0.873015873015873,
    0.8870967741935484,
    0.9016393442622951,
    0.9166666666666666,
    0.9322033898305084,
    0.9482758620689655,
    0.9649122807017544,
    0.9821428571428571,
    1.0,
    1.0,
    1.0,
    1.0,
    1.0,
    1.0,
    1.0,
    1.0
  ],
  "recall": [
    1.0,
    1.0,
    1.0,
    1.0,
    1.0,
    1.0,
    1.0,
    1.0,
    1.0,
    1.0,
    1.0,
    1.0,
    1.0,
    1.0,
    1.0,
    1.0,
    1.0,
    1.0,
    1.0,
    1.0,
    1.0,
    1.0,
    0.9272727272727272,
    0.8545454545454545,
    0.8363636363636363,
    0.7636363636363637,
    0.7090909090909091,
    0.6363636363636364,
    0.0
  ]
}